2025-06-01 22:36:43.000,citizen00001,ACK-UNIQUE-SimpleServer-2-9dd240fe
2025-06-01 22:36:43.985,citizen00002,ACK-UNIQUE-SimpleServer-3-3aca00b2
2025-06-01 22:36:44.775,citizen00003,ACK-UNIQUE-SimpleServer-3-a6b5915f
2025-06-01 22:36:45.523,citizen00004,ACK-UNIQUE-SimpleServer-3-82deeb49
2025-06-01 22:36:46.255,citizen00005,ACK-UNIQUE-SimpleServer-3-e2566dc2
2025-06-01 22:58:50.647,sequential_citizen001,ACK-UNIQUE-SimpleServer-2-92581c3f
2025-06-01 22:58:50.806,sequential_citizen002,ACK-UNIQUE-SimpleServer-1-75f3af07
2025-06-01 22:58:50.949,sequential_citizen003,ACK-UNIQUE-SimpleServer-2-d6668360
2025-06-01 22:58:51.089,sequential_citizen004,ACK-UNIQUE-SimpleServer-2-71af346c
2025-06-01 22:58:51.236,sequential_citizen005,ACK-UNIQUE-SimpleServer-3-d2f5a98f
2025-06-01 22:58:51.379,sequential_citizen006,ACK-UNIQUE-SimpleServer-2-95fbb36c
2025-06-01 22:58:51.519,sequential_citizen007,ACK-UNIQUE-SimpleServer-1-d9712dd2
2025-06-01 22:58:51.656,sequential_citizen008,ACK-UNIQUE-SimpleServer-1-15e03a1a
2025-06-01 22:58:51.795,sequential_citizen009,ACK-UNIQUE-SimpleServer-3-2bae4fd0
2025-06-01 22:58:51.935,sequential_citizen010,ACK-UNIQUE-SimpleServer-1-863c4749
2025-06-01 22:58:52.075,sequential_citizen011,ACK-UNIQUE-SimpleServer-2-5bb8c544
2025-06-01 22:58:52.211,sequential_citizen012,ACK-UNIQUE-SimpleServer-1-de3372c8
2025-06-01 22:58:52.344,sequential_citizen013,ACK-UNIQUE-SimpleServer-1-2e29c044
2025-06-01 22:58:52.483,sequential_citizen014,ACK-UNIQUE-SimpleServer-1-dcb36861
2025-06-01 22:58:52.622,sequential_citizen015,ACK-UNIQUE-SimpleServer-3-a6b5550e
2025-06-01 22:58:52.759,sequential_citizen016,ACK-UNIQUE-SimpleServer-2-3fce7ef9
2025-06-01 22:58:52.893,sequential_citizen017,ACK-UNIQUE-SimpleServer-2-36d856bc
2025-06-01 22:58:53.029,sequential_citizen018,ACK-UNIQUE-SimpleServer-3-a6f40871
2025-06-01 22:58:53.163,sequential_citizen019,ACK-UNIQUE-SimpleServer-3-e4adb5e4
2025-06-01 22:58:53.303,sequential_citizen020,ACK-UNIQUE-SimpleServer-3-1c111c36
2025-06-01 22:58:53.444,sequential_citizen021,ACK-UNIQUE-SimpleServer-1-9e5fc569
2025-06-01 22:58:53.586,sequential_citizen022,ACK-UNIQUE-SimpleServer-1-514866f1
2025-06-01 22:58:53.720,sequential_citizen023,ACK-UNIQUE-SimpleServer-2-b9292908
2025-06-01 22:58:53.854,sequential_citizen024,ACK-UNIQUE-SimpleServer-1-c3e4f61e
2025-06-01 22:58:53.986,sequential_citizen025,ACK-UNIQUE-SimpleServer-2-20e90e31
2025-06-01 22:58:54.333,concurrent_citizen002,ACK-UNIQUE-SimpleServer-1-7758280a
2025-06-01 22:58:54.365,concurrent_citizen001,ACK-UNIQUE-SimpleServer-1-822a51ce
2025-06-01 22:58:55.427,concurrent_citizen003,ACK-UNIQUE-SimpleServer-3-8a77e63a
2025-06-01 22:58:55.696,concurrent_citizen004,ACK-UNIQUE-SimpleServer-2-625821f9
2025-06-01 22:58:56.199,concurrent_citizen005,ACK-UNIQUE-SimpleServer-1-c66d7e7c
2025-06-01 22:58:56.408,concurrent_citizen006,ACK-UNIQUE-SimpleServer-3-a7748f05
2025-06-01 22:58:57.711,concurrent_citizen007,ACK-UNIQUE-SimpleServer-3-90dac75f
2025-06-01 22:58:58.002,concurrent_citizen008,ACK-UNIQUE-SimpleServer-2-94d191d6
2025-06-01 22:58:58.801,concurrent_citizen010,ACK-UNIQUE-SimpleServer-1-2a282013
2025-06-01 22:58:58.820,concurrent_citizen009,ACK-UNIQUE-SimpleServer-3-7411495a
2025-06-01 22:58:59.255,concurrent_citizen011,ACK-UNIQUE-SimpleServer-1-01694c02
2025-06-01 22:58:59.740,concurrent_citizen012,ACK-UNIQUE-SimpleServer-2-4b311984
2025-06-01 22:59:00.000,concurrent_citizen013,ACK-UNIQUE-SimpleServer-1-bb32c721
2025-06-01 22:59:00.828,concurrent_citizen014,ACK-UNIQUE-SimpleServer-1-93fd3458
2025-06-01 22:59:01.262,concurrent_citizen015,ACK-UNIQUE-SimpleServer-2-5425fb23
2025-06-01 22:59:01.778,concurrent_citizen016,ACK-UNIQUE-SimpleServer-1-92c4d494
2025-06-01 22:59:02.244,concurrent_citizen017,ACK-UNIQUE-SimpleServer-1-331de974
2025-06-01 22:59:02.494,concurrent_citizen018,ACK-UNIQUE-SimpleServer-1-266e40a2
2025-06-01 22:59:02.970,concurrent_citizen019,ACK-UNIQUE-SimpleServer-1-5cfb82af
2025-06-01 22:59:03.287,concurrent_citizen020,ACK-UNIQUE-SimpleServer-1-d87c9796
2025-06-01 22:59:04.067,concurrent_citizen021,ACK-UNIQUE-SimpleServer-1-343a1556
2025-06-01 22:59:04.358,concurrent_citizen022,ACK-UNIQUE-SimpleServer-2-877301de
2025-06-01 22:59:04.696,concurrent_citizen023,ACK-UNIQUE-SimpleServer-2-b28ddfa0
2025-06-01 22:59:05.400,concurrent_citizen024,ACK-UNIQUE-SimpleServer-1-f06a31a3
2025-06-01 22:59:05.758,concurrent_citizen025,ACK-UNIQUE-SimpleServer-1-a22fb52f
2025-06-01 22:59:06.471,concurrent_citizen026,ACK-UNIQUE-SimpleServer-2-bfa79bf8
2025-06-01 22:59:07.140,concurrent_citizen027,ACK-UNIQUE-SimpleServer-3-cf2b3665
2025-06-01 22:59:07.674,concurrent_citizen028,ACK-UNIQUE-SimpleServer-1-c88d1817
2025-06-01 22:59:08.139,concurrent_citizen029,ACK-UNIQUE-SimpleServer-3-ea998731
2025-06-01 22:59:08.213,concurrent_citizen030,ACK-UNIQUE-SimpleServer-3-d2d2a973
2025-06-01 22:59:08.935,concurrent_citizen031,ACK-UNIQUE-SimpleServer-1-d649cc94
2025-06-01 22:59:09.369,concurrent_citizen032,ACK-UNIQUE-SimpleServer-3-310df2d7
2025-06-01 22:59:09.751,concurrent_citizen033,ACK-UNIQUE-SimpleServer-2-1898b260
2025-06-01 22:59:10.056,concurrent_citizen034,ACK-UNIQUE-SimpleServer-3-4ccd48a7
2025-06-01 22:59:10.770,concurrent_citizen035,ACK-UNIQUE-SimpleServer-3-7e096ebf
2025-06-01 22:59:11.521,concurrent_citizen036,ACK-UNIQUE-SimpleServer-3-85777657
2025-06-01 22:59:12.003,concurrent_citizen037,ACK-UNIQUE-SimpleServer-3-75d93e32
2025-06-01 22:59:12.525,concurrent_citizen038,ACK-UNIQUE-SimpleServer-1-9afdb26d
2025-06-01 22:59:12.856,concurrent_citizen039,ACK-UNIQUE-SimpleServer-2-44cc8fcb
2025-06-01 22:59:13.001,concurrent_citizen040,ACK-UNIQUE-SimpleServer-1-ded993a2
2025-06-01 22:59:13.956,concurrent_citizen041,ACK-UNIQUE-SimpleServer-2-3f53e4c0
2025-06-01 22:59:13.993,concurrent_citizen042,ACK-UNIQUE-SimpleServer-1-0a40eebb
2025-06-01 22:59:14.588,concurrent_citizen043,ACK-UNIQUE-SimpleServer-3-b2ea67e3
2025-06-01 22:59:15.101,concurrent_citizen044,ACK-UNIQUE-SimpleServer-3-d08a9db5
2025-06-01 22:59:15.362,concurrent_citizen045,ACK-UNIQUE-SimpleServer-3-981afc75
2025-06-01 22:59:16.185,concurrent_citizen046,ACK-UNIQUE-SimpleServer-3-a7a2177a
2025-06-01 22:59:16.860,concurrent_citizen047,ACK-UNIQUE-SimpleServer-1-20d970c9
2025-06-01 22:59:17.583,concurrent_citizen048,ACK-UNIQUE-SimpleServer-2-aa41236d
2025-06-01 22:59:17.698,concurrent_citizen049,ACK-UNIQUE-SimpleServer-3-6997a183
2025-06-01 22:59:18.370,concurrent_citizen050,ACK-UNIQUE-SimpleServer-2-e177cb2c
2025-06-01 22:59:18.557,concurrent_citizen051,ACK-UNIQUE-SimpleServer-2-d68bb39e
2025-06-01 22:59:19.446,concurrent_citizen052,ACK-UNIQUE-SimpleServer-1-69e3c169
2025-06-01 22:59:20.099,concurrent_citizen053,ACK-UNIQUE-SimpleServer-2-8edd2c19
2025-06-01 22:59:20.596,concurrent_citizen054,ACK-UNIQUE-SimpleServer-1-907ba245
2025-06-01 22:59:20.806,concurrent_citizen055,ACK-UNIQUE-SimpleServer-3-4145d19c
2025-06-01 22:59:20.992,concurrent_citizen056,ACK-UNIQUE-SimpleServer-2-d0526b68
2025-06-01 22:59:21.350,concurrent_citizen057,ACK-UNIQUE-SimpleServer-3-a1b12906
2025-06-01 22:59:21.885,concurrent_citizen058,ACK-UNIQUE-SimpleServer-1-068f79f8
2025-06-01 22:59:22.241,concurrent_citizen059,ACK-UNIQUE-SimpleServer-2-d1f32b36
2025-06-01 22:59:22.982,concurrent_citizen060,ACK-UNIQUE-SimpleServer-1-1430c605
2025-06-01 22:59:23.028,concurrent_citizen061,ACK-UNIQUE-SimpleServer-1-a2963192
2025-06-01 22:59:23.747,concurrent_citizen062,ACK-UNIQUE-SimpleServer-3-401ffc07
2025-06-01 22:59:24.112,concurrent_citizen063,ACK-UNIQUE-SimpleServer-2-70406ebd
2025-06-01 22:59:24.433,concurrent_citizen064,ACK-UNIQUE-SimpleServer-3-94f44865
2025-06-01 22:59:24.984,concurrent_citizen065,ACK-UNIQUE-SimpleServer-1-4eb3d02b
2025-06-01 22:59:25.392,concurrent_citizen066,ACK-UNIQUE-SimpleServer-3-55c4625e
2025-06-01 22:59:25.782,concurrent_citizen067,ACK-UNIQUE-SimpleServer-1-85fc1601
2025-06-01 22:59:26.134,concurrent_citizen068,ACK-UNIQUE-SimpleServer-2-792d00b5
2025-06-01 22:59:26.808,concurrent_citizen069,ACK-UNIQUE-SimpleServer-3-450c47d0
2025-06-01 22:59:27.127,concurrent_citizen070,ACK-UNIQUE-SimpleServer-3-a9282819
2025-06-01 22:59:28.396,concurrent_citizen071,ACK-UNIQUE-SimpleServer-3-e3323d89
2025-06-01 22:59:28.421,concurrent_citizen072,ACK-UNIQUE-SimpleServer-2-4ea9a08a
2025-06-01 22:59:28.704,concurrent_citizen073,ACK-UNIQUE-SimpleServer-1-a0755399
2025-06-01 22:59:29.492,concurrent_citizen074,ACK-UNIQUE-SimpleServer-1-fd2b0bf5
2025-06-01 22:59:29.813,concurrent_citizen075,ACK-UNIQUE-SimpleServer-3-ed8c7c3c
